{"truncation": 0.6225471660239088, "latent": [-0.4276744276851711, -0.7117972991508335, -0.9787812199776431, 0.40689725599404436, 0.6865100733063425, 0.8367378714047771, 0.8464603142461186, 0.2660491000582227, 0.33296503566018437, -0.10267208864956165, -0.0761526863260088, -0.6714318022878212, 0.22909174792354486, -0.38647609275158273, -0.42828096524517734, 0.08603300473814807, -0.19150828491963195, -0.1718370186543305, 0.2502157583106936, 0.05862109362502463, 0.8497218302590475, 0.5083185386829076, 0.4415169559916179, 0.04236962582412018, 0.12436513827458805, 0.2698541225359898, 0.8898685427106725, 0.5226981179657022, -0.04625912118207082, 0.41644527085699773, -0.09204413208591788, -0.2592450489030783, 0.03869414272625654, -0.9071054819127221, 0.5130157254512568, -0.03709949260710372, 0.4258414245421418, 0.34850188355607314, -0.45410838051058894, 0.6655511381536403, 0.5591460178517661, 0.7121610868930233, 0.32113142947905876, 0.6891460773624546, 0.43276857698535476, 0.112970957001962, -0.4863200136382819, -0.01641514860842075, -0.662556618546562, -0.9264357031192294, -0.27532193608686983, -0.033473991469174846, -0.18549948992575188, -0.849977120059155, 0.6005688167642816, 0.6003421474784102, -0.21796149006013896, 0.7071254437911538, -0.11689989176636631, -0.8886973399445405, 0.17086607329055847, 0.6962307289699325, 0.4876034879228786, 0.49583313754129815, -0.22469433272511707, 0.16427578047424674, -0.20079553741110145, 0.6377130773052271, -0.35070499591053694, 0.5766831660320599, -0.37548925582425036, 0.6494867559156091, -0.24597458559048518, 0.8920200092576356, 0.3844552458699169, 1.0648788667393743, -0.42776281496483454, 0.3554690349641035, -0.8885533043142393, -0.6489168227956228, -0.23615171061265167, 0.7657358271329926, 0.055687228234215486, -0.006450220922979644, -0.3303126816646419, 0.5925645197373913, 0.36942611004151155, -0.17613799745485753, 0.7105751385792193, 0.7788601463594711, -0.034175585098793135, -0.37710040550889445, 0.27731183201946263, 0.16436789821275347, 0.7116819904339872, -0.5159472956890767, -0.13600192166368358, -0.5526327261136795, 0.15873434799126346, -0.3230948509168263, 0.6723760760034738, 0.08753434581186126, 0.20177956494323132, -0.8587434743146241, 0.24318040600540292, 0.3387735138373364, -0.6082548301893195, -0.3347768215413595, -1.0536341274082888, 0.622222806713874, 0.35436895213593755, 0.0913522187477047, 0.517079787463026, 0.023961385957901843, 0.2724971073877277, -0.3833223851956514, -0.3318033426530248, -0.1500732740699815, 0.14232461910560917, 1.0049592007140564, -0.23512076128004145, -0.4724495136766877, -0.360814772242849, -0.3290889102746012, 0.2889131101705797, -0.6665931252631419, 0.11849402072162091, 0.15140927288841582], "classes": [[71, 0.09259360786073839], [87, 0.029592441220416002], [300, 0.03736147733514997], [430, 0.07029827089348151], [568, 0.2698939995847077], [570, -0.004551858500466622], [584, 0.1079428385267438], [669, -0.002162367923466707], [670, 0.00856840114715904], [719, 0.07710547180064055], [754, 0.0740863233234215], [815, 0.017066159433595025], [911, 0.10930163811944771], [937, 0.11745057364417005], [939, 0.00595214558874803], [968, 0.05]]}